{
  "model": "draw_attn",
  "T": 5,
  "epochs": 30,
  "params": 866103,
  "final_train_nelbo": 106.41751558352739,
  "final_test_nelbo": 104.9485096069336,
  "best_test_nelbo": 104.9485096069336,
  "mean_epoch_seconds": 7.891162021954854,
  "device": "mps"
}